{
  "T-Pose": {
    "nose": {
      "x": 0.3691907227039337,
      "y": 0.10470452159643173,
      "z": -0.3705107271671295,
      "visibility": 0.9999850392341614
    },
    "left_eye_inner": {
      "x": 0.3764093518257141,
      "y": 0.08837399631738663,
      "z": -0.34677854180336,
      "visibility": 0.9999140501022339
    },
    "left_eye": {
      "x": 0.38135701417922974,
      "y": 0.08818646520376205,
      "z": -0.3468778729438782,
      "visibility": 0.9999261498451233
    },
    "left_eye_outer": {
      "x": 0.3855164647102356,
      "y": 0.08764553815126419,
      "z": -0.3469894230365753,
      "visibility": 0.9999234080314636
    },
    "right_eye_inner": {
      "x": 0.36086007952690125,
      "y": 0.08909668773412704,
      "z": -0.3448415994644165,
      "visibility": 0.9999152421951294
    },
    "right_eye": {
      "x": 0.35592326521873474,
      "y": 0.08975238353013992,
      "z": -0.3448559641838074,
      "visibility": 0.9999122023582458
    },
    "right_eye_outer": {
      "x": 0.35119885206222534,
      "y": 0.09034789353609085,
      "z": -0.3448205590248108,
      "visibility": 0.999884307384491
    },
    "left_ear": {
      "x": 0.39080095291137695,
      "y": 0.09614421427249908,
      "z": -0.20896556973457336,
      "visibility": 0.9999271631240845
    },
    "right_ear": {
      "x": 0.3465086817741394,
      "y": 0.10056200623512268,
      "z": -0.19836194813251495,
      "visibility": 0.9997954964637756
    },
    "mouth_left": {
      "x": 0.37828922271728516,
      "y": 0.12475277483463287,
      "z": -0.3198612928390503,
      "visibility": 0.9999585747718811
    },
    "mouth_right": {
      "x": 0.35969096422195435,
      "y": 0.12529869377613068,
      "z": -0.31674569845199585,
      "visibility": 0.9999244809150696
    },
    "left_shoulder": {
      "x": 0.43579331040382385,
      "y": 0.2155413031578064,
      "z": -0.1438979059457779,
      "visibility": 0.9999707341194153
    },
    "right_shoulder": {
      "x": 0.2991308867931366,
      "y": 0.2074057161808014,
      "z": -0.0961257815361023,
      "visibility": 0.9997825622558594
    },
    "left_elbow": {
      "x": 0.5344275832176208,
      "y": 0.2592075765132904,
      "z": -0.13737735152244568,
      "visibility": 0.9987101554870605
    },
    "right_elbow": {
      "x": 0.19976961612701416,
      "y": 0.24303846061229706,
      "z": -0.07954500615596771,
      "visibility": 0.9869149923324585
    },
    "left_wrist": {
      "x": 0.6234093904495239,
      "y": 0.2995303273200989,
      "z": -0.2758813500404358,
      "visibility": 0.9925313591957092
    },
    "right_wrist": {
      "x": 0.1149057000875473,
      "y": 0.2845904529094696,
      "z": -0.21363624930381775,
      "visibility": 0.9645450711250305
    },
    "left_pinky": {
      "x": 0.6511523723602295,
      "y": 0.30770912766456604,
      "z": -0.3017943799495697,
      "visibility": 0.9726113677024841
    },
    "right_pinky": {
      "x": 0.0880686491727829,
      "y": 0.2910310626029968,
      "z": -0.23623117804527283,
      "visibility": 0.9101019501686096
    },
    "left_index": {
      "x": 0.6529090404510498,
      "y": 0.3048827350139618,
      "z": -0.3524775803089142,
      "visibility": 0.9776736497879028
    },
    "right_index": {
      "x": 0.08646848052740097,
      "y": 0.2899636924266815,
      "z": -0.29366153478622437,
      "visibility": 0.9252790212631226
    },
    "left_thumb": {
      "x": 0.6444121599197388,
      "y": 0.30562829971313477,
      "z": -0.3027782738208771,
      "visibility": 0.9797587990760803
    },
    "right_thumb": {
      "x": 0.09705916792154312,
      "y": 0.2901095151901245,
      "z": -0.2443288266658783,
      "visibility": 0.9339589476585388
    },
    "left_hip": {
      "x": 0.39985978603363037,
      "y": 0.46090880036354065,
      "z": -0.0262431837618351,
      "visibility": 0.9979607462882996
    },
    "right_hip": {
      "x": 0.32670658826828003,
      "y": 0.46066439151763916,
      "z": 0.026191461831331253,
      "visibility": 0.9973264336585999
    },
    "left_knee": {
      "x": 0.40803560614585876,
      "y": 0.6631343960762024,
      "z": -0.01862924173474312,
      "visibility": 0.9848790168762207
    },
    "right_knee": {
      "x": 0.3385075628757477,
      "y": 0.6645949482917786,
      "z": 0.05324966460466385,
      "visibility": 0.97499680519104
    },
    "left_ankle": {
      "x": 0.4121512472629547,
      "y": 0.8316019773483276,
      "z": 0.156368225812912,
      "visibility": 0.9817246794700623
    },
    "right_ankle": {
      "x": 0.348635733127594,
      "y": 0.8419303894042969,
      "z": 0.2193087786436081,
      "visibility": 0.978423535823822
    },
    "left_heel": {
      "x": 0.4079606533050537,
      "y": 0.8508673906326294,
      "z": 0.16263389587402344,
      "visibility": 0.8263488411903381
    },
    "right_heel": {
      "x": 0.355867862701416,
      "y": 0.8599916100502014,
      "z": 0.224989652633667,
      "visibility": 0.8625281453132629
    },
    "left_foot_index": {
      "x": 0.4027974605560303,
      "y": 0.8898392915725708,
      "z": -0.018550241366028786,
      "visibility": 0.9767137765884399
    },
    "right_foot_index": {
      "x": 0.345913827419281,
      "y": 0.897861897945404,
      "z": 0.05735006183385849,
      "visibility": 0.9750866293907166
    }
  },
  "Neutral Standing": {
    "nose": {
      "x": 0.35133305191993713,
      "y": 0.11615858972072601,
      "z": -0.472220242023468,
      "visibility": 0.999995231628418
    },
    "left_eye_inner": {
      "x": 0.35772499442100525,
      "y": 0.1032920777797699,
      "z": -0.4507409930229187,
      "visibility": 0.9999811053276062
    },
    "left_eye": {
      "x": 0.36172163486480713,
      "y": 0.1034865453839302,
      "z": -0.45074695348739624,
      "visibility": 0.9999814033508301
    },
    "left_eye_outer": {
      "x": 0.3664397597312927,
      "y": 0.10355525463819504,
      "z": -0.45076984167099,
      "visibility": 0.9999812245368958
    },
    "right_eye_inner": {
      "x": 0.3445485234260559,
      "y": 0.10312920063734055,
      "z": -0.45327481627464294,
      "visibility": 0.9999799132347107
    },
    "right_eye": {
      "x": 0.33908241987228394,
      "y": 0.10344204306602478,
      "z": -0.4533281922340393,
      "visibility": 0.9999807476997375
    },
    "right_eye_outer": {
      "x": 0.3338925838470459,
      "y": 0.10394356399774551,
      "z": -0.4533461928367615,
      "visibility": 0.9999809265136719
    },
    "left_ear": {
      "x": 0.370681494474411,
      "y": 0.1124660074710846,
      "z": -0.30742424726486206,
      "visibility": 0.9999585747718811
    },
    "right_ear": {
      "x": 0.32679757475852966,
      "y": 0.1135556548833847,
      "z": -0.32026407122612,
      "visibility": 0.9999592304229736
    },
    "mouth_left": {
      "x": 0.3585835099220276,
      "y": 0.1349787712097168,
      "z": -0.4173799157142639,
      "visibility": 0.9999932050704956
    },
    "mouth_right": {
      "x": 0.3414117097854614,
      "y": 0.13444238901138306,
      "z": -0.4213685095310211,
      "visibility": 0.9999926090240479
    },
    "left_shoulder": {
      "x": 0.4077635407447815,
      "y": 0.22794531285762787,
      "z": -0.19788680970668793,
      "visibility": 0.9999723434448242
    },
    "right_shoulder": {
      "x": 0.287639319896698,
      "y": 0.22067375481128693,
      "z": -0.202964186668396,
      "visibility": 0.9999614357948303
    },
    "left_elbow": {
      "x": 0.4248560070991516,
      "y": 0.35095590353012085,
      "z": -0.11092202365398407,
      "visibility": 0.9870687127113342
    },
    "right_elbow": {
      "x": 0.2676469683647156,
      "y": 0.34476423263549805,
      "z": -0.13396449387073517,
      "visibility": 0.9821367263793945
    },
    "left_wrist": {
      "x": 0.44645968079566956,
      "y": 0.45868322253227234,
      "z": -0.2134111374616623,
      "visibility": 0.9642044901847839
    },