{
    "T-Pose": {
        "nose": {
            "x": 0.5014538764953613,
            "y": 0.12580256164073944,
            "z": -0.5749341249465942,
            "visibility": 0.9999144077301025
        },
        "left_eye_inner": {
            "x": 0.5098713636398315,
            "y": 0.10964789241552353,
            "z": -0.560394287109375,
            "visibility": 0.9993510246276855
        },
        "left_eye": {
            "x": 0.5150665044784546,
            "y": 0.11041637510061264,
            "z": -0.5603849291801453,
            "visibility": 0.999535083770752
        },
        "left_eye_outer": {
            "x": 0.519902229309082,
            "y": 0.11154124140739441,
            "z": -0.5604425668716431,
            "visibility": 0.9994021058082581
        },
        "right_eye_inner": {
            "x": 0.496166467666626,
            "y": 0.1103835478425026,
            "z": -0.5571151375770569,
            "visibility": 0.9993322491645813
        },
        "right_eye": {
            "x": 0.4919012486934662,
            "y": 0.11134540289640427,
            "z": -0.5572173595428467,
            "visibility": 0.9994208216667175
        },
        "right_eye_outer": {
            "x": 0.48753032088279724,
            "y": 0.11272811144590378,
            "z": -0.557215690612793,
            "visibility": 0.9992208480834961
        },
        "left_ear": {
            "x": 0.5308140516281128,
            "y": 0.1259332001209259,
            "z": -0.41949453949928284,
            "visibility": 0.9993093609809875
        },
        "right_ear": {
            "x": 0.48310738801956177,
            "y": 0.12738916277885437,
            "z": -0.40443840622901917,
            "visibility": 0.9987984895706177
        },
        "mouth_left": {
            "x": 0.5138744115829468,
            "y": 0.1468134969472885,
            "z": -0.5190950036048889,
            "visibility": 0.9995470643043518
        },
        "mouth_right": {
            "x": 0.49279266595840454,
            "y": 0.14708733558654785,
            "z": -0.5144802331924438,
            "visibility": 0.9993734955787659
        },
        "left_shoulder": {
            "x": 0.577861487865448,
            "y": 0.2039833962917328,
            "z": -0.3037002980709076,
            "visibility": 0.9998959898948669
        },
        "right_shoulder": {
            "x": 0.44422203302383423,
            "y": 0.21067285537719727,
            "z": -0.27265065908432007,
            "visibility": 0.9992818832397461
        },
        "left_elbow": {
            "x": 0.663827657699585,
            "y": 0.22592857480049133,
            "z": -0.29882070422172546,
            "visibility": 0.9990270137786865
        },
        "right_elbow": {
            "x": 0.3542465269565582,
            "y": 0.23091767728328705,
            "z": -0.23572289943695068,
            "visibility": 0.9949138760566711
        },
        "left_wrist": {
            "x": 0.7590271234512329,
            "y": 0.23214229941368103,
            "z": -0.42454132437705994,
            "visibility": 0.9970215559005737
        },
        "right_wrist": {
            "x": 0.26707667112350464,
            "y": 0.23929166793823242,
            "z": -0.34761160612106323,
            "visibility": 0.9885220527648926
        },
        "left_pinky": {
            "x": 0.7887037396430969,
            "y": 0.23314644396305084,
            "z": -0.4507058560848236,
            "visibility": 0.9842835664749146
        },
        "right_pinky": {
            "x": 0.2381182610988617,
            "y": 0.24128574132919312,
            "z": -0.37377241253852844,
            "visibility": 0.9592694044113159
        },
        "left_index": {
            "x": 0.7933747172355652,
            "y": 0.23043671250343323,
            "z": -0.5037177801132202,
            "visibility": 0.987598180770874
        },
        "right_index": {
            "x": 0.2361779510974884,
            "y": 0.24083919823169708,
            "z": -0.4258306920528412,
            "visibility": 0.9669575691223145
        },
        "left_thumb": {
            "x": 0.7809948921203613,
            "y": 0.23155078291893005,
            "z": -0.4527779221534729,
            "visibility": 0.9890895485877991
        },
        "right_thumb": {
            "x": 0.2476751059293747,
            "y": 0.24286441504955292,
            "z": -0.37564021348953247,
            "visibility": 0.9692903161048889
        },
        "left_hip": {
            "x": 0.5441325902938843,
            "y": 0.4611806571483612,
            "z": -0.011448481120169163,
            "visibility": 0.9975217580795288
        },
        "right_hip": {
            "x": 0.4692404270172119,
            "y": 0.46097663044929504,
            "z": 0.01134609617292881,
            "visibility": 0.997878909111023
        },
        "left_knee": {
            "x": 0.5437630414962769,
            "y": 0.631017804145813,
            "z": 0.1051696389913559,
            "visibility": 0.9873827695846558
        },
        "right_knee": {
            "x": 0.4816747307777405,
            "y": 0.630730390548706,
            "z": 0.07759571075439453,
            "visibility": 0.9916855096817017
        },
        "left_ankle": {
            "x": 0.5442162752151489,
            "y": 0.78940749168396,
            "z": 0.33035847544670105,
            "visibility": 0.9860755205154419
        },
        "right_ankle": {
            "x": 0.48377394676208496,
            "y": 0.7888520956039429,
            "z": 0.30820581316947937,
            "visibility": 0.989547073841095
        },
        "left_heel": {
            "x": 0.5367624163627625,
            "y": 0.8071262836456299,
            "z": 0.3420044183731079,
            "visibility": 0.8756107091903687
        },
        "right_heel": {
            "x": 0.48832759261131287,
            "y": 0.8078768253326416,
            "z": 0.3217744529247284,
            "visibility": 0.9036515951156616
        },
        "left_foot_index": {
            "x": 0.5468883514404297,
            "y": 0.8486482501029968,
            "z": 0.16341611742973328,
            "visibility": 0.9835355281829834
        },
        "right_foot_index": {
            "x": 0.47209733724594116,
            "y": 0.8445258736610413,
            "z": 0.15380190312862396,
            "visibility": 0.9888538122177124
        }
    },
    "Neutral Standing": {
        "nose": {
            "x": 0.498067706823349,
            "y": 0.0978914126753807,
            "z": -0.4883689880371094,
            "visibility": 0.9999557733535767
        },
        "left_eye_inner": {
            "x": 0.5059853792190552,
            "y": 0.08342783153057098,
            "z": -0.4660697877407074,
            "visibility": 0.9998002648353577
        },
        "left_eye": {
            "x": 0.511324405670166,
            "y": 0.0847221240401268,
            "z": -0.46607938408851624,
            "visibility": 0.9998202323913574
        },
        "left_eye_outer": {
            "x": 0.5159541368484497,
            "y": 0.08635982871055603,
            "z": -0.4660329818725586,
            "visibility": 0.9997962117195129
        },
        "right_eye_inner": {
            "x": 0.4896906018257141,
            "y": 0.08352603763341904,
            "z": -0.46561235189437866,
            "visibility": 0.9997731447219849
        },
        "right_eye": {
            "x": 0.48392820358276367,
            "y": 0.08503378927707672,
            "z": -0.46565961837768555,
            "visibility": 0.9997815489768982
        },
        "right_eye_outer": {
            "x": 0.4782821238040924,
            "y": 0.08673449605703354,
            "z": -0.4657436013221741,
            "visibility": 0.9997541904449463
        },
        "left_ear": {
            "x": 0.5254454016685486,
            "y": 0.10115477442741394,
            "z": -0.3142208456993103,
            "visibility": 0.9996564984321594
        },